2025-11-10 14:32:45,kanitha,127.0.0.1,FAILED,58653,1
2025-11-10 14:53:03,kanitha,127.0.0.1,FAILED,58761,1
2025-11-10 15:00:00,kanitha,127.0.0.1,FAILED,58805,2
2025-11-10 15:08:24,someone,127.0.0.1,FAILED,58886,1
2025-11-10 15:33:26,ksfhdjhf,127.0.0.1,FAILED,58974,1
2025-11-10 22:19:47,kanitha,127.0.0.1,FAILED,59382,1
2025-11-10 22:19:55,kanitha,127.0.0.1,FAILED,59388,2
2025-11-14 15:06:55,kanitha,127.0.0.1,FAILED,49293,1
2025-11-16 00:15:30,kfkdf,127.0.0.1,FAILED,59181,1
2025-11-16 16:10:08,kjkjvfvd,127.0.0.1,FAILED,61403,1
